id,url,label,date,authority_uri,note,text_units
stampaStatuti,https://statutiascoli.it/calendario.html?id=stampaStatuti,Stampa degli Statuti del 1496,1496-04-09,,,id=StatutiAscoli_conclusione; url=https://statutiascoli.it/statuti.html?id=3
festaCirconcisione,https://statutiascoli.it/calendario.html?id=festaCirconcisione,Circoncisione di Gesù Cristo,--01-01,https://www.wikidata.org/wiki/Q13510036,,id=statCom_libro2_rubrica40; url=https://statutiascoli.it/statuti.html?id=1_2_41 | id=statPop_libro2_rubrica1; url=https://statutiascoli.it/statuti.html?id=2_2_2 | id=statPop_libro2_rubrica2; url=https://statutiascoli.it/statuti.html?id=2_2_3
festaEpifania,https://statutiascoli.it/calendario.html?id=festaEpifania,Epifania,--01-06,https://www.wikidata.org/wiki/Q132001,,id=statCom_libro2_rubrica40; url=https://statutiascoli.it/statuti.html?id=1_2_41 | id=statPop_libro2_rubrica1; url=https://statutiascoli.it/statuti.html?id=2_2_2 | id=statPop_libro2_rubrica2; url=https://statutiascoli.it/statuti.html?id=2_2_3 | id=statPop_libro2_rubrica3; url=https://statutiascoli.it/statuti.html?id=2_2_4
festaSantaBrigida,https://statutiascoli.it/calendario.html?id=festaSantaBrigida,Santa Brigida,--02-01,https://www.wikidata.org/wiki/Q80979,"Badessa di Kildare in Irlanda, †523",id=statPop_libro2_rubrica2; url=https://statutiascoli.it/statuti.html?id=2_2_3
festaSanBiagio,https://statutiascoli.it/calendario.html?id=festaSanBiagio,San Biagio,--02-03,https://www.wikidata.org/wiki/Q151967,"Vescovo di Sebastopoli e martire, †316",id=statCom_libro2_rubrica40; url=https://statutiascoli.it/statuti.html?id=1_2_41 | id=statPop_libro2_rubrica1; url=https://statutiascoli.it/statuti.html?id=2_2_2
festaSanTommasoAquino,https://statutiascoli.it/calendario.html?id=festaSanTommasoAquino,Sant Tommaso d'Aquino,--03-07,https://www.wikidata.org/wiki/Q9438,"Frate domenicano e dottore della Chiesa, †1247",id=statCom_libro2_rubrica40; url=https://statutiascoli.it/statuti.html?id=1_2_41
festaSantAgata,https://statutiascoli.it/calendario.html?id=festaSantAgata,Sant'Agata,--02-05,https://www.wikidata.org/wiki/Q200895,"Vergine e martire, †251",id=statCom_libro2_rubrica40; url=https://statutiascoli.it/statuti.html?id=1_2_41 | id=statPop_libro2_rubrica1; url=https://statutiascoli.it/statuti.html?id=2_2_2
festaSanBenedetto,https://statutiascoli.it/calendario.html?id=festaSanBenedetto,San Benedetto,--03-21,https://www.wikidata.org/wiki/Q44265,"Benedetto da Norcia, fondatore dell'ordine monastico d'occidente, †543",id=statPop_libro2_rubrica1; url=https://statutiascoli.it/statuti.html?id=2_2_2
festaSanGiorgio,https://statutiascoli.it/calendario.html?id=festaSanGiorgio,San Giorgio,--04-23,https://www.wikidata.org/wiki/Q48438,"Guerriero e martire a Lydda in Palestina, †303",id=statCom_libro2_rubrica40; url=https://statutiascoli.it/statuti.html?id=1_2_41 | id=statPop_libro2_rubrica1; url=https://statutiascoli.it/statuti.html?id=2_2_2
festaSantAngelo,https://statutiascoli.it/calendario.html?id=festaSantAngelo,Sant'Angelo,--05-05,https://www.wikidata.org/wiki/Q537686,"Sacerdote carmelitano e martire, †1220",id=statCom_libro2_rubrica40; url=https://statutiascoli.it/statuti.html?id=1_2_41 | id=statPop_libro2_rubrica1; url=https://statutiascoli.it/statuti.html?id=2_2_2
festaSanPancrazio,https://statutiascoli.it/calendario.html?id=festaSanPancrazio,San Pancrazio,--05-12,https://www.wikidata.org/wiki/Q336731,"Martire a Roma, †304",id=statPop_libro2_rubrica1; url=https://statutiascoli.it/statuti.html?id=2_2_2
festaSanVenanzio,https://statutiascoli.it/calendario.html?id=festaSanVenanzio,San Venanzio,--05-18,https://www.wikidata.org/wiki/Q4210004,"Martire a Camerino, III sec.",id=statCom_libro2_rubrica40; url=https://statutiascoli.it/statuti.html?id=1_2_41 | id=statPop_libro2_rubrica1; url=https://statutiascoli.it/statuti.html?id=2_2_2
festaSantaPetronilla,https://statutiascoli.it/calendario.html?id=festaSantaPetronilla,Santa Petronilla,--05-31,https://www.wikidata.org/wiki/Q463600,"Martire e pretesa figlia di s. Pietro, I sec.",id=statCom_libro2_rubrica40; url=https://statutiascoli.it/statuti.html?id=1_2_41
festaSantOnofrio,https://statutiascoli.it/calendario.html?id=festaSantOnofrio,Sant'Onofrio,--06-12,https://www.wikidata.org/wiki/Q464959,Anacoreta del IV sec.,id=statCom_libro2_rubrica40; url=https://statutiascoli.it/statuti.html?id=1_2_41 | id=statPop_libro2_rubrica1; url=https://statutiascoli.it/statuti.html?id=2_2_2
festaSanGiovanniBattista,https://statutiascoli.it/calendario.html?id=festaSanGiovanniBattista,San Giovanni Battista,--06-24,https://www.wikidata.org/wiki/Q40662,Precursore di Cristo.,id=statCom_libro2_rubrica40; url=https://statutiascoli.it/statuti.html?id=1_2_41 | id=statPop_libro2_rubrica1; url=https://statutiascoli.it/statuti.html?id=2_2_2
festaSantaMargherita,https://statutiascoli.it/calendario.html?id=festaSantaMargherita,Santa Margherita,--07-20,https://www.wikidata.org/wiki/Q297742,"Vergine e martire ad Antiochia, fine del III sec.",id=statCom_libro2_rubrica40; url=https://statutiascoli.it/statuti.html?id=1_2_41 | id=statPop_libro2_rubrica1; url=https://statutiascoli.it/statuti.html?id=2_2_2
festaSantaMariaMaddalena,https://statutiascoli.it/calendario.html?id=festaSantaMariaMaddalena,Santa Maria Maddalena,--07-22,https://www.wikidata.org/wiki/Q63070,"Discepola di Gesù, I sec.",id=statCom_libro2_rubrica40; url=https://statutiascoli.it/statuti.html?id=1_2_41 | id=statPop_libro2_rubrica1; url=https://statutiascoli.it/statuti.html?id=2_2_2
festaSantEmidio,https://statutiascoli.it/calendario.html?id=festaSantEmidio,Sant'Emidio,--08-05,https://www.wikidata.org/wiki/Q260816,"Vescovo e martire, IV sec.",id=statCom_libro2_rubrica40; url=https://statutiascoli.it/statuti.html?id=1_2_41 | id=statCom_libro3_rubrica70; url=https://statutiascoli.it/statuti.html?id=1_3_71 | id=statPop_libro1_rubrica2; url=https://statutiascoli.it/statuti.html?id=2_1_3 | id=statPop_libro1_rubrica76; url=https://statutiascoli.it/statuti.html?id=2_1_77 | id=statPop_libro2_indice; url=https://statutiascoli.it/statuti.html?id=2_2_0 | id=statPop_libro2_rubrica1; url=https://statutiascoli.it/statuti.html?id=2_2_2 | id=statPop_libro2_rubrica10; url=https://statutiascoli.it/statuti.html?id=2_2_11 | id=statPop_libro2_rubrica12; url=https://statutiascoli.it/statuti.html?id=2_2_13 | id=statPop_libro2_rubrica2; url=https://statutiascoli.it/statuti.html?id=2_2_3 | id=statPop_libro2_rubrica3; url=https://statutiascoli.it/statuti.html?id=2_2_4 | id=statPop_libro2_rubrica5; url=https://statutiascoli.it/statuti.html?id=2_2_6 | id=statPop_libro2_rubrica6; url=https://statutiascoli.it/statuti.html?id=2_2_7
festaSantoSalvatore,https://statutiascoli.it/calendario.html?id=festaSantoSalvatore,Santo Salvatore,--08-06,https://www.wikidata.org/wiki/Q201201,Giorno della trasfigurazione di Gesù Cristo sul Monte Tabor.,id=statPop_libro2_rubrica1; url=https://statutiascoli.it/statuti.html?id=2_2_2
festaSanDomenico,https://statutiascoli.it/calendario.html?id=festaSanDomenico,San Domenico,--08-08,https://www.wikidata.org/wiki/Q44091,"Domenico di Guzmán, fondatore dell'ordine dei predicatori, †06/08/1221",id=statCom_libro2_rubrica40; url=https://statutiascoli.it/statuti.html?id=1_2_41 | id=statPop_libro2_indice; url=https://statutiascoli.it/statuti.html?id=2_2_0 | id=statPop_libro2_rubrica1; url=https://statutiascoli.it/statuti.html?id=2_2_2 | id=statPop_libro2_rubrica10; url=https://statutiascoli.it/statuti.html?id=2_2_11
festaSanLorenzo,https://statutiascoli.it/calendario.html?id=festaSanLorenzo,San Lorenzo,--08-10,https://www.wikidata.org/wiki/Q17590,"Arcidiacono di Roma e martire, †258",id=statCom_libro2_rubrica40; url=https://statutiascoli.it/statuti.html?id=1_2_41 | id=statPop_libro2_rubrica1; url=https://statutiascoli.it/statuti.html?id=2_2_2
festaSanLudovico,https://statutiascoli.it/calendario.html?id=festaSanLudovico,San Ludovico,--08-19,https://www.wikidata.org/wiki/Q196157,"Luigi d'Anjou, vescovo di Tolosa, †1297",id=statCom_libro2_rubrica40; url=https://statutiascoli.it/statuti.html?id=1_2_41 | id=statPop_libro2_indice; url=https://statutiascoli.it/statuti.html?id=2_2_0 | id=statPop_libro2_rubrica1; url=https://statutiascoli.it/statuti.html?id=2_2_2 | id=statPop_libro2_rubrica7; url=https://statutiascoli.it/statuti.html?id=2_2_8
festaSantAgostino,https://statutiascoli.it/calendario.html?id=festaSantAgostino,Sant'Agostino,--08-28,https://www.wikidata.org/wiki/Q8018,"Vescovo d'Ippona, †430",id=statCom_libro2_rubrica40; url=https://statutiascoli.it/statuti.html?id=1_2_41 | id=statPop_libro2_indice; url=https://statutiascoli.it/statuti.html?id=2_2_0 | id=statPop_libro2_rubrica1; url=https://statutiascoli.it/statuti.html?id=2_2_2 | id=statPop_libro2_rubrica9; url=https://statutiascoli.it/statuti.html?id=2_2_10
festaDecapitazioneSanGiovanniBattista,https://statutiascoli.it/calendario.html?id=festaDecapitazioneSanGiovanniBattista,Decollazione di San Giovanni Battista,--08-29,https://www.wikidata.org/wiki/Q2511873,,id=statPop_libro2_rubrica1; url=https://statutiascoli.it/statuti.html?id=2_2_2
festaSanGregorio,https://statutiascoli.it/calendario.html?id=festaSanGregorio,San Gregorio,--09-03,https://www.wikidata.org/wiki/Q42827,"Gregorio I detto papa Gregorio Magno ovvero il Grande, †604",id=statPop_libro2_rubrica1; url=https://statutiascoli.it/statuti.html?id=2_2_2
festaSantaCroce,https://statutiascoli.it/calendario.html?id=festaSantaCroce,Croce (Esaltazione della s.),--09-14,https://www.wikidata.org/wiki/Q815520,"In memoria del ritrovamento della s. Croce nel 326, per opera di s. Elena, madre dell'imperatore Costantino.",id=statCom_libro2_rubrica40; url=https://statutiascoli.it/statuti.html?id=1_2_41 | id=statPop_libro2_rubrica1; url=https://statutiascoli.it/statuti.html?id=2_2_2
festaSanMichele,https://statutiascoli.it/calendario.html?id=festaSanMichele,San Michele,--09-29,https://www.wikidata.org/wiki/Q45581,Arcangelo,id=statCom_libro2_rubrica40; url=https://statutiascoli.it/statuti.html?id=1_2_41 | id=statPop_libro2_rubrica1; url=https://statutiascoli.it/statuti.html?id=2_2_2 | id=statPop_libro2_rubrica3; url=https://statutiascoli.it/statuti.html?id=2_2_4 | id=statPop_libro2_rubrica4; url=https://statutiascoli.it/statuti.html?id=2_2_5
festaSanGirolamo,https://statutiascoli.it/calendario.html?id=festaSanGirolamo,San Girolamo,--09-30,https://www.wikidata.org/wiki/Q44248,"Padre e Dottore della Chiesa, †420",id=statPop_libro2_rubrica1; url=https://statutiascoli.it/statuti.html?id=2_2_2 | id=statPop_libro2_rubrica2; url=https://statutiascoli.it/statuti.html?id=2_2_3
festaSanFrancesco,https://statutiascoli.it/calendario.html?id=festaSanFrancesco,San Francesco,--10-04,https://www.wikidata.org/wiki/Q676555,"Francesco d'Assisi, istitutore dei frati minori, †1226",id=statCom_libro2_rubrica40; url=https://statutiascoli.it/statuti.html?id=1_2_41 | id=statPop_libro2_rubrica1; url=https://statutiascoli.it/statuti.html?id=2_2_2
festaTuttiSanti,https://statutiascoli.it/calendario.html?id=festaTuttiSanti,Ognissanti,--11-01,https://www.wikidata.org/wiki/Q587,Celebrazione della gloria e dell'onore di tutti i santi.,id=statCom_libro2_rubrica40; url=https://statutiascoli.it/statuti.html?id=1_2_41 | id=statPop_libro2_rubrica1; url=https://statutiascoli.it/statuti.html?id=2_2_2 | id=statPop_libro2_rubrica2; url=https://statutiascoli.it/statuti.html?id=2_2_3 | id=statPop_libro2_rubrica3; url=https://statutiascoli.it/statuti.html?id=2_2_4
festaSanLeonardo,https://statutiascoli.it/calendario.html?id=festaSanLeonardo,San Leonardo,--11-06,https://www.wikidata.org/wiki/Q558148,"Eremita e abate di Noblac, †559",id=statCom_libro2_rubrica40; url=https://statutiascoli.it/statuti.html?id=1_2_41 | id=statPop_libro2_rubrica1; url=https://statutiascoli.it/statuti.html?id=2_2_2
festaSanMartino,https://statutiascoli.it/calendario.html?id=festaSanMartino,San Martino,--11-11,https://www.wikidata.org/wiki/Q133704,"Vescovo di Tours, †397",id=statPop_libro2_rubrica1; url=https://statutiascoli.it/statuti.html?id=2_2_2
festaSantaCaterina,https://statutiascoli.it/calendario.html?id=festaSantaCaterina,Santa Caterina,--11-25,https://www.wikidata.org/wiki/Q179718,"Vergine e martire ad Alessandria, IV sec.",id=statCom_libro2_rubrica40; url=https://statutiascoli.it/statuti.html?id=1_2_41 | id=statPop_libro2_rubrica1; url=https://statutiascoli.it/statuti.html?id=2_2_2
festaSanNicolo,https://statutiascoli.it/calendario.html?id=festaSanNicolo,San Nicolò,--12-06,https://www.wikidata.org/wiki/Q44269,"Nicola o Nicolò di Bari, vescovo di Mira, IV sec.",id=statCom_libro2_rubrica40; url=https://statutiascoli.it/statuti.html?id=1_2_41 | id=statPop_libro2_rubrica1; url=https://statutiascoli.it/statuti.html?id=2_2_2
festaSantAmbrogio,https://statutiascoli.it/calendario.html?id=festaSantAmbrogio,Sant'Ambrogio,--12-07,https://www.wikidata.org/wiki/Q43689,"Vescovo di Milano, †04/04/397",id=statPop_libro2_rubrica1; url=https://statutiascoli.it/statuti.html?id=2_2_2
festaSantaLucia,https://statutiascoli.it/calendario.html?id=festaSantaLucia,Santa Lucia,--12-13,https://www.wikidata.org/wiki/Q183240,"Vergine e martire a Siracusa, †304",id=statCom_libro2_rubrica40; url=https://statutiascoli.it/statuti.html?id=1_2_41 | id=statPop_libro2_rubrica1; url=https://statutiascoli.it/statuti.html?id=2_2_2
festaVigiliaNatale,https://statutiascoli.it/calendario.html?id=festaVigiliaNatale,Vigilia di Natale,--12-24,https://www.wikidata.org/wiki/Q106010,,id=statCom_libro3_rubrica70; url=https://statutiascoli.it/statuti.html?id=1_3_71
festaNatale,https://statutiascoli.it/calendario.html?id=festaNatale,Natale,--12-25,https://www.wikidata.org/wiki/Q19809,,id=statCom_libro2_rubrica40; url=https://statutiascoli.it/statuti.html?id=1_2_41 | id=statPop_libro2_rubrica1; url=https://statutiascoli.it/statuti.html?id=2_2_2 | id=statPop_libro2_rubrica2; url=https://statutiascoli.it/statuti.html?id=2_2_3 | id=statPop_libro2_rubrica3; url=https://statutiascoli.it/statuti.html?id=2_2_4 | id=statPop_libro2_rubrica5; url=https://statutiascoli.it/statuti.html?id=2_2_6
festaSanSilvestro,https://statutiascoli.it/calendario.html?id=festaSanSilvestro,San Silvestro,--12-31,https://www.wikidata.org/wiki/Q47149,"Silvestro I, 33° papa di Roma, †337",id=statPop_libro2_rubrica1; url=https://statutiascoli.it/statuti.html?id=2_2_2
festaMariaMadre,https://statutiascoli.it/calendario.html?id=festaMariaMadre,Maria madre di Dio,--01-01,https://www.wikidata.org/wiki/Q600889,,id=statCom_libro2_rubrica40; url=https://statutiascoli.it/statuti.html?id=1_2_41 | id=statPop_libro2_rubrica1; url=https://statutiascoli.it/statuti.html?id=2_2_2 | id=statPop_libro2_rubrica2; url=https://statutiascoli.it/statuti.html?id=2_2_3 | id=statPop_libro2_rubrica3; url=https://statutiascoli.it/statuti.html?id=2_2_4
festaAssunzioneMaria,https://statutiascoli.it/calendario.html?id=festaAssunzioneMaria,Assunzione di Maria,--08-15,https://www.wikidata.org/wiki/Q162691,,id=statCom_libro2_rubrica40; url=https://statutiascoli.it/statuti.html?id=1_2_41 | id=statPop_libro1_rubrica2; url=https://statutiascoli.it/statuti.html?id=2_1_3 | id=statPop_libro2_rubrica1; url=https://statutiascoli.it/statuti.html?id=2_2_2 | id=statPop_libro2_rubrica2; url=https://statutiascoli.it/statuti.html?id=2_2_3 | id=statPop_libro2_rubrica3; url=https://statutiascoli.it/statuti.html?id=2_2_4 | id=statPop_libro2_rubrica6; url=https://statutiascoli.it/statuti.html?id=2_2_7
festaImmacolataConcezione,https://statutiascoli.it/calendario.html?id=festaImmacolataConcezione,Immacolata Concezione,--12-08,https://www.wikidata.org/wiki/Q185606,,id=statCom_libro2_rubrica40; url=https://statutiascoli.it/statuti.html?id=1_2_41 | id=statPop_libro2_rubrica1; url=https://statutiascoli.it/statuti.html?id=2_2_2 | id=statPop_libro2_rubrica2; url=https://statutiascoli.it/statuti.html?id=2_2_3 | id=statPop_libro2_rubrica3; url=https://statutiascoli.it/statuti.html?id=2_2_4
festaSanFilippo,https://statutiascoli.it/calendario.html?id=festaSanFilippo,San Filippo,--05-01,https://www.wikidata.org/wiki/Q43675,"Apostolo e martire, onorato con s. Giacomo il Minore, I sec.",id=statCom_libro2_rubrica40; url=https://statutiascoli.it/statuti.html?id=1_2_41 | id=statPop_libro2_rubrica2; url=https://statutiascoli.it/statuti.html?id=2_2_3
festaSanGiacomoMinore,https://statutiascoli.it/calendario.html?id=festaSanGiacomoMinore,San Giacomo,--05-01,https://www.wikidata.org/wiki/Q3245490,"Giacomo il Minore, apostolo e vescovo di Gerusalemme, onorato con s. Filippo, †62 (martirio)",id=statCom_libro2_rubrica40; url=https://statutiascoli.it/statuti.html?id=1_2_41 | id=statPop_libro2_rubrica2; url=https://statutiascoli.it/statuti.html?id=2_2_3
festaSanPietro,https://statutiascoli.it/calendario.html?id=festaSanPietro,San Pietro,--06-29,https://www.wikidata.org/wiki/Q33923,"Simon Pietro, apostolo e primo papa di Roma, onorato con s. Paolo, †67 (martirio)",id=statCom_libro2_rubrica40; url=https://statutiascoli.it/statuti.html?id=1_2_41 | id=statPop_libro2_rubrica2; url=https://statutiascoli.it/statuti.html?id=2_2_3
festaSanPaolo,https://statutiascoli.it/calendario.html?id=festaSanPaolo,San Paolo,--06-29,https://www.wikidata.org/wiki/Q9200,"Paolo di Tarso, riconosciuto come apostolo anche se non facente parte del gruppo dei 12 scelti da Gesù, onorato con s. Pietro, †67 (martirio)",id=statCom_libro2_rubrica40; url=https://statutiascoli.it/statuti.html?id=1_2_41 | id=statPop_libro2_rubrica2; url=https://statutiascoli.it/statuti.html?id=2_2_3
festaSanBarnaba,https://statutiascoli.it/calendario.html?id=festaSanBarnaba,San Barnaba,--06-11,https://www.wikidata.org/wiki/Q185856,"Giuseppe di Cipro, riconosciuto come apostolo anche se non facente parte del gruppo dei 12 scelti da Gesù, martire a Cipro, I sec.",id=statCom_libro2_rubrica40; url=https://statutiascoli.it/statuti.html?id=1_2_41 | id=statPop_libro2_rubrica2; url=https://statutiascoli.it/statuti.html?id=2_2_3
festaSanSimone,https://statutiascoli.it/calendario.html?id=festaSanSimone,San Simone,--10-28,https://www.wikidata.org/wiki/Q12871,"Lo Zelota, apostolo, onorato con s. Giuda Taddeo, I sec.",id=statCom_libro2_rubrica40; url=https://statutiascoli.it/statuti.html?id=1_2_41 | id=statPop_libro2_rubrica2; url=https://statutiascoli.it/statuti.html?id=2_2_3
festaSanGiudaTaddeo,https://statutiascoli.it/calendario.html?id=festaSanGiudaTaddeo,San Giuda Taddeo,--10-28,https://www.wikidata.org/wiki/Q43945,"Apostolo, onorato con s. Simone, I sec.",id=statCom_libro2_rubrica40; url=https://statutiascoli.it/statuti.html?id=1_2_41 | id=statPop_libro2_rubrica2; url=https://statutiascoli.it/statuti.html?id=2_2_3
festaSanMattia,https://statutiascoli.it/calendario.html?id=festaSanMattia,San Mattia,--02-24,https://www.wikidata.org/wiki/Q44020,"Apostolo, I sec.",id=statCom_libro2_rubrica40; url=https://statutiascoli.it/statuti.html?id=1_2_41 | id=statPop_libro2_rubrica2; url=https://statutiascoli.it/statuti.html?id=2_2_3
festaSanGiacomoMaggiore,https://statutiascoli.it/calendario.html?id=festaSanGiacomoMaggiore,San Giacomo,--07-25,https://www.wikidata.org/wiki/Q43999,"Giacomo il Maggiore, apostolo e martire, †44",id=statCom_libro2_rubrica40; url=https://statutiascoli.it/statuti.html?id=1_2_41 | id=statPop_libro2_rubrica2; url=https://statutiascoli.it/statuti.html?id=2_2_3
festaSanBartolomeo,https://statutiascoli.it/calendario.html?id=festaSanBartolomeo,San Bartolomeo,--08-24,https://www.wikidata.org/wiki/Q43982,"Apostolo e martire, †47",id=statCom_libro2_rubrica40; url=https://statutiascoli.it/statuti.html?id=1_2_41 | id=statPop_libro2_rubrica2; url=https://statutiascoli.it/statuti.html?id=2_2_3
festaSantAndrea,https://statutiascoli.it/calendario.html?id=festaSantAndrea,Sant'Andrea,--11-30,https://www.wikidata.org/wiki/Q43399,"Apostolo, I sec",id=statCom_libro2_rubrica40; url=https://statutiascoli.it/statuti.html?id=1_2_41 | id=statPop_libro2_rubrica2; url=https://statutiascoli.it/statuti.html?id=2_2_3
festaSanTommaso,https://statutiascoli.it/calendario.html?id=festaSanTommaso,San Tommaso,--12-21,https://www.wikidata.org/wiki/Q43669,Apostolo e martire,id=statCom_libro2_rubrica40; url=https://statutiascoli.it/statuti.html?id=1_2_41 | id=statPop_libro2_rubrica2; url=https://statutiascoli.it/statuti.html?id=2_2_3
festaSanMarco,https://statutiascoli.it/calendario.html?id=festaSanMarco,San Marco,--04-25,https://www.wikidata.org/wiki/Q31966,"Evangelista e martire, †68",id=statCom_libro2_rubrica40; url=https://statutiascoli.it/statuti.html?id=1_2_41 | id=statPop_libro2_rubrica2; url=https://statutiascoli.it/statuti.html?id=2_2_3
festaSanMatteo,https://statutiascoli.it/calendario.html?id=festaSanMatteo,San Matteo Aposto ed Evangelista,--09-21,https://www.wikidata.org/wiki/Q43600,"Apostolo ed evangelista, I sec.",id=statCom_libro2_rubrica40; url=https://statutiascoli.it/statuti.html?id=1_2_41 | id=statPop_libro2_rubrica2; url=https://statutiascoli.it/statuti.html?id=2_2_3
festaSanLuca,https://statutiascoli.it/calendario.html?id=festaSanLuca,San Luca,--10-18,https://www.wikidata.org/wiki/Q128538,"Evangelista, I sec",id=statCom_libro2_rubrica40; url=https://statutiascoli.it/statuti.html?id=1_2_41 | id=statPop_libro2_rubrica2; url=https://statutiascoli.it/statuti.html?id=2_2_3
festaSanGiovanni,https://statutiascoli.it/calendario.html?id=festaSanGiovanni,San Giovanni,--12-27,https://www.wikidata.org/wiki/Q44015,"Apostolo ed evangelista, †101",id=statCom_libro2_rubrica40; url=https://statutiascoli.it/statuti.html?id=1_2_41 | id=statPop_libro2_rubrica2; url=https://statutiascoli.it/statuti.html?id=2_2_3
festaResurrezione,https://statutiascoli.it/calendario.html?id=festaResurrezione,Pasqua,1496-04-03,https://www.wikidata.org/wiki/Q21196,La Pasqua di Resurrezione è celebrata dalla chiesa nella I domenica dopo il plenilunio di marzo. È pertanto una festa mobile da cui dipendono le altre feste mobili dell'anno.,id=statCom_libro2_rubrica40; url=https://statutiascoli.it/statuti.html?id=1_2_41 | id=statCom_libro3_rubrica70; url=https://statutiascoli.it/statuti.html?id=1_3_71 | id=statPop_libro2_rubrica1; url=https://statutiascoli.it/statuti.html?id=2_2_2 | id=statPop_libro2_rubrica2; url=https://statutiascoli.it/statuti.html?id=2_2_3 | id=statPop_libro2_rubrica3; url=https://statutiascoli.it/statuti.html?id=2_2_4
festaAscensioneGesu,https://statutiascoli.it/calendario.html?id=festaAscensioneGesu,Ascensione di Gesù Cristo,1496-05-12,https://www.wikidata.org/wiki/Q5686605,Festa mobile che la chiesa celebra 40 giorni dopo Pasqua.,id=statCom_libro2_rubrica40; url=https://statutiascoli.it/statuti.html?id=1_2_41 | id=statPop_libro2_rubrica1; url=https://statutiascoli.it/statuti.html?id=2_2_2 | id=statPop_libro2_rubrica2; url=https://statutiascoli.it/statuti.html?id=2_2_3 | id=statPop_libro2_rubrica3; url=https://statutiascoli.it/statuti.html?id=2_2_4
festaPentecoste,https://statutiascoli.it/calendario.html?id=festaPentecoste,Pentecoste,1496-05-22,https://www.wikidata.org/wiki/Q39864,"Celebrazione della discesa dello Spirito Santo nel Cenacolo, sugli Apostoli e la Vergine. Cade nel cinquantesimo giorno a partire dal giorno di Pasqua compreso, di domenica, ed è quindi una festa mobile dipendente dalla data della Pasqua.",id=statCom_libro2_rubrica40; url=https://statutiascoli.it/statuti.html?id=1_2_41 | id=statPop_libro2_rubrica1; url=https://statutiascoli.it/statuti.html?id=2_2_2 | id=statPop_libro2_rubrica2; url=https://statutiascoli.it/statuti.html?id=2_2_3
festaCorpusDomini,https://statutiascoli.it/calendario.html?id=festaCorpusDomini,Corpus Domini,1496-05-26,https://www.wikidata.org/wiki/Q152395,Solennità del Santissimo Corpo e Sangue di Cristo. È una festa mobile e si celebra il giovedì dopo la domenica della ss. Trinità.,id=statCom_libro2_rubrica40; url=https://statutiascoli.it/statuti.html?id=1_2_41 | id=statPop_libro2_rubrica1; url=https://statutiascoli.it/statuti.html?id=2_2_2 | id=statPop_libro2_rubrica2; url=https://statutiascoli.it/statuti.html?id=2_2_3 | id=statPop_libro2_rubrica5; url=https://statutiascoli.it/statuti.html?id=2_2_6
festaVenerdiSanto,https://statutiascoli.it/calendario.html?id=festaVenerdiSanto,Venerdì santo,1496-04-01,https://www.wikidata.org/wiki/Q40317,"Venerdì che precede la Paqua, detto anche Parasceve.",id=statCom_libro3_rubrica70; url=https://statutiascoli.it/statuti.html?id=1_3_71 | id=statPop_libro2_rubrica1; url=https://statutiascoli.it/statuti.html?id=2_2_2 | id=statPop_libro2_rubrica2; url=https://statutiascoli.it/statuti.html?id=2_2_3 | id=statPop_libro2_rubrica5; url=https://statutiascoli.it/statuti.html?id=2_2_6
festaMartediGrasso,https://statutiascoli.it/calendario.html?id=festaMartediGrasso,Martedì grasso,1496-02-15,https://www.wikidata.org/wiki/Q4845365,"Ultimo giorno di Carnevale (chiamato anche Carnasciale), prima del Mercolì delle Ceneri che apre la Quaresima.",id=statCom_libro2_rubrica40; url=https://statutiascoli.it/statuti.html?id=1_2_41 | id=statCom_libro3_rubrica70; url=https://statutiascoli.it/statuti.html?id=1_3_71
