rubric_id,rubric_url,category_id,category_url
statCom_libro1_rubrica1,https://statutiascoli.it/statuti.html?id=1_1_2,famiglia,https://statutiascoli.it/categorie.html?id=famiglia
statCom_libro1_rubrica2,https://statutiascoli.it/statuti.html?id=1_1_3,famiglia,https://statutiascoli.it/categorie.html?id=famiglia
statCom_libro1_rubrica2,https://statutiascoli.it/statuti.html?id=1_1_3,donne,https://statutiascoli.it/categorie.html?id=donne
statCom_libro1_rubrica4,https://statutiascoli.it/statuti.html?id=1_1_5,famiglia,https://statutiascoli.it/categorie.html?id=famiglia
statCom_libro1_rubrica4,https://statutiascoli.it/statuti.html?id=1_1_5,donne,https://statutiascoli.it/categorie.html?id=donne
statCom_libro1_rubrica5,https://statutiascoli.it/statuti.html?id=1_1_6,famiglia,https://statutiascoli.it/categorie.html?id=famiglia
statCom_libro1_rubrica5,https://statutiascoli.it/statuti.html?id=1_1_6,donne,https://statutiascoli.it/categorie.html?id=donne
statCom_libro1_rubrica6,https://statutiascoli.it/statuti.html?id=1_1_7,famiglia,https://statutiascoli.it/categorie.html?id=famiglia
statCom_libro1_rubrica6,https://statutiascoli.it/statuti.html?id=1_1_7,donne,https://statutiascoli.it/categorie.html?id=donne
statCom_libro1_rubrica8,https://statutiascoli.it/statuti.html?id=1_1_9,famiglia,https://statutiascoli.it/categorie.html?id=famiglia
statCom_libro1_rubrica8,https://statutiascoli.it/statuti.html?id=1_1_9,donne,https://statutiascoli.it/categorie.html?id=donne
statCom_libro1_rubrica10,https://statutiascoli.it/statuti.html?id=1_1_11,famiglia,https://statutiascoli.it/categorie.html?id=famiglia
statCom_libro1_rubrica11,https://statutiascoli.it/statuti.html?id=1_1_12,famiglia,https://statutiascoli.it/categorie.html?id=famiglia
statCom_libro1_rubrica12,https://statutiascoli.it/statuti.html?id=1_1_13,famiglia,https://statutiascoli.it/categorie.html?id=famiglia
statCom_libro1_rubrica14,https://statutiascoli.it/statuti.html?id=1_1_15,famiglia,https://statutiascoli.it/categorie.html?id=famiglia
statCom_libro1_rubrica14,https://statutiascoli.it/statuti.html?id=1_1_15,donne,https://statutiascoli.it/categorie.html?id=donne
statCom_libro2_rubrica19,https://statutiascoli.it/statuti.html?id=1_2_20,castelli,https://statutiascoli.it/categorie.html?id=castelli
statCom_libro2_rubrica30,https://statutiascoli.it/statuti.html?id=1_2_31,clero,https://statutiascoli.it/categorie.html?id=clero
statCom_libro2_rubrica34,https://statutiascoli.it/statuti.html?id=1_2_35,donne,https://statutiascoli.it/categorie.html?id=donne
statCom_libro2_rubrica35,https://statutiascoli.it/statuti.html?id=1_2_36,famiglia,https://statutiascoli.it/categorie.html?id=famiglia
statCom_libro2_rubrica40,https://statutiascoli.it/statuti.html?id=1_2_41,feste,https://statutiascoli.it/categorie.html?id=feste
statCom_libro2_rubrica44,https://statutiascoli.it/statuti.html?id=1_2_45,famiglia,https://statutiascoli.it/categorie.html?id=famiglia
statCom_libro2_rubrica50,https://statutiascoli.it/statuti.html?id=1_2_51,donne,https://statutiascoli.it/categorie.html?id=donne
statCom_libro2_rubrica51,https://statutiascoli.it/statuti.html?id=1_2_52,donne,https://statutiascoli.it/categorie.html?id=donne
statCom_libro2_rubrica64,https://statutiascoli.it/statuti.html?id=1_2_65,famiglia,https://statutiascoli.it/categorie.html?id=famiglia
statCom_libro2_rubrica66,https://statutiascoli.it/statuti.html?id=1_2_67,donne,https://statutiascoli.it/categorie.html?id=donne
statCom_libro2_rubrica70,https://statutiascoli.it/statuti.html?id=1_2_71,famiglia,https://statutiascoli.it/categorie.html?id=famiglia
statCom_libro2_rubrica70,https://statutiascoli.it/statuti.html?id=1_2_71,donne,https://statutiascoli.it/categorie.html?id=donne
statCom_libro2_rubrica72,https://statutiascoli.it/statuti.html?id=1_2_73,produzione,https://statutiascoli.it/categorie.html?id=produzione
statCom_libro2_rubrica75,https://statutiascoli.it/statuti.html?id=1_2_76,clero,https://statutiascoli.it/categorie.html?id=clero
statCom_libro3_rubrica10,https://statutiascoli.it/statuti.html?id=1_3_11,morte,https://statutiascoli.it/categorie.html?id=morte
statCom_libro3_rubrica14,https://statutiascoli.it/statuti.html?id=1_3_15,reati,https://statutiascoli.it/categorie.html?id=reati
statCom_libro3_rubrica15,https://statutiascoli.it/statuti.html?id=1_3_16,reati,https://statutiascoli.it/categorie.html?id=reati
statCom_libro3_rubrica16,https://statutiascoli.it/statuti.html?id=1_3_17,donne,https://statutiascoli.it/categorie.html?id=donne
statCom_libro3_rubrica16,https://statutiascoli.it/statuti.html?id=1_3_17,morte,https://statutiascoli.it/categorie.html?id=morte
statCom_libro3_rubrica16,https://statutiascoli.it/statuti.html?id=1_3_17,violenza,https://statutiascoli.it/categorie.html?id=violenza
statCom_libro3_rubrica17,https://statutiascoli.it/statuti.html?id=1_3_18,morte,https://statutiascoli.it/categorie.html?id=morte
statCom_libro3_rubrica17,https://statutiascoli.it/statuti.html?id=1_3_18,violenza,https://statutiascoli.it/categorie.html?id=violenza
statCom_libro3_rubrica18,https://statutiascoli.it/statuti.html?id=1_3_19,morte,https://statutiascoli.it/categorie.html?id=morte
statCom_libro3_rubrica18,https://statutiascoli.it/statuti.html?id=1_3_19,reati,https://statutiascoli.it/categorie.html?id=reati
statCom_libro3_rubrica19,https://statutiascoli.it/statuti.html?id=1_3_20,reati,https://statutiascoli.it/categorie.html?id=reati
statCom_libro3_rubrica20,https://statutiascoli.it/statuti.html?id=1_3_21,morte,https://statutiascoli.it/categorie.html?id=morte
statCom_libro3_rubrica20,https://statutiascoli.it/statuti.html?id=1_3_21,costituzione,https://statutiascoli.it/categorie.html?id=costituzione
statCom_libro3_rubrica21,https://statutiascoli.it/statuti.html?id=1_3_22,reati,https://statutiascoli.it/categorie.html?id=reati
statCom_libro3_rubrica22,https://statutiascoli.it/statuti.html?id=1_3_23,morte,https://statutiascoli.it/categorie.html?id=morte
statCom_libro3_rubrica22,https://statutiascoli.it/statuti.html?id=1_3_23,reati,https://statutiascoli.it/categorie.html?id=reati
statCom_libro3_rubrica23,https://statutiascoli.it/statuti.html?id=1_3_24,reati,https://statutiascoli.it/categorie.html?id=reati
statCom_libro3_rubrica25,https://statutiascoli.it/statuti.html?id=1_3_26,reati,https://statutiascoli.it/categorie.html?id=reati
statCom_libro3_rubrica26,https://statutiascoli.it/statuti.html?id=1_3_27,reati,https://statutiascoli.it/categorie.html?id=reati
statCom_libro3_rubrica27,https://statutiascoli.it/statuti.html?id=1_3_28,reati,https://statutiascoli.it/categorie.html?id=reati
statCom_libro3_rubrica28,https://statutiascoli.it/statuti.html?id=1_3_29,reati,https://statutiascoli.it/categorie.html?id=reati
statCom_libro3_rubrica29,https://statutiascoli.it/statuti.html?id=1_3_30,reati,https://statutiascoli.it/categorie.html?id=reati
statCom_libro3_rubrica30,https://statutiascoli.it/statuti.html?id=1_3_31,reati,https://statutiascoli.it/categorie.html?id=reati
statCom_libro3_rubrica31,https://statutiascoli.it/statuti.html?id=1_3_32,violenza,https://statutiascoli.it/categorie.html?id=violenza
statCom_libro3_rubrica32,https://statutiascoli.it/statuti.html?id=1_3_33,reati,https://statutiascoli.it/categorie.html?id=reati
statCom_libro3_rubrica33,https://statutiascoli.it/statuti.html?id=1_3_34,violenza,https://statutiascoli.it/categorie.html?id=violenza
statCom_libro3_rubrica34,https://statutiascoli.it/statuti.html?id=1_3_35,violenza,https://statutiascoli.it/categorie.html?id=violenza
statCom_libro3_rubrica35,https://statutiascoli.it/statuti.html?id=1_3_36,reati,https://statutiascoli.it/categorie.html?id=reati
statCom_libro3_rubrica36,https://statutiascoli.it/statuti.html?id=1_3_37,reati,https://statutiascoli.it/categorie.html?id=reati
statCom_libro3_rubrica37,https://statutiascoli.it/statuti.html?id=1_3_38,reati,https://statutiascoli.it/categorie.html?id=reati
statCom_libro3_rubrica38,https://statutiascoli.it/statuti.html?id=1_3_39,violenza,https://statutiascoli.it/categorie.html?id=violenza
statCom_libro3_rubrica39,https://statutiascoli.it/statuti.html?id=1_3_40,reati,https://statutiascoli.it/categorie.html?id=reati
statCom_libro3_rubrica40,https://statutiascoli.it/statuti.html?id=1_3_41,violenza,https://statutiascoli.it/categorie.html?id=violenza
statCom_libro3_rubrica46,https://statutiascoli.it/statuti.html?id=1_3_47,reati,https://statutiascoli.it/categorie.html?id=reati
statCom_libro3_rubrica47,https://statutiascoli.it/statuti.html?id=1_3_48,reati,https://statutiascoli.it/categorie.html?id=reati
statCom_libro3_rubrica50,https://statutiascoli.it/statuti.html?id=1_3_51,donne,https://statutiascoli.it/categorie.html?id=donne
statCom_libro3_rubrica50,https://statutiascoli.it/statuti.html?id=1_3_51,reati,https://statutiascoli.it/categorie.html?id=reati
statCom_libro3_rubrica51,https://statutiascoli.it/statuti.html?id=1_3_52,violenza,https://statutiascoli.it/categorie.html?id=violenza
statCom_libro3_rubrica52,https://statutiascoli.it/statuti.html?id=1_3_53,violenza,https://statutiascoli.it/categorie.html?id=violenza
statCom_libro3_rubrica53,https://statutiascoli.it/statuti.html?id=1_3_54,reati,https://statutiascoli.it/categorie.html?id=reati
statCom_libro3_rubrica54,https://statutiascoli.it/statuti.html?id=1_3_55,reati,https://statutiascoli.it/categorie.html?id=reati
statCom_libro3_rubrica58,https://statutiascoli.it/statuti.html?id=1_3_59,reati,https://statutiascoli.it/categorie.html?id=reati
statCom_libro3_rubrica62,https://statutiascoli.it/statuti.html?id=1_3_63,donne,https://statutiascoli.it/categorie.html?id=donne
statCom_libro3_rubrica62,https://statutiascoli.it/statuti.html?id=1_3_63,violenza,https://statutiascoli.it/categorie.html?id=violenza
statCom_libro3_rubrica64,https://statutiascoli.it/statuti.html?id=1_3_65,commercio,https://statutiascoli.it/categorie.html?id=commercio
statCom_libro3_rubrica64,https://statutiascoli.it/statuti.html?id=1_3_65,violenza,https://statutiascoli.it/categorie.html?id=violenza
statCom_libro3_rubrica65,https://statutiascoli.it/statuti.html?id=1_3_66,donne,https://statutiascoli.it/categorie.html?id=donne
statCom_libro3_rubrica65,https://statutiascoli.it/statuti.html?id=1_3_66,reati,https://statutiascoli.it/categorie.html?id=reati
statCom_libro3_rubrica66,https://statutiascoli.it/statuti.html?id=1_3_67,donne,https://statutiascoli.it/categorie.html?id=donne
statCom_libro3_rubrica66,https://statutiascoli.it/statuti.html?id=1_3_67,produzione,https://statutiascoli.it/categorie.html?id=produzione
statCom_libro3_rubrica67,https://statutiascoli.it/statuti.html?id=1_3_68,donne,https://statutiascoli.it/categorie.html?id=donne
statCom_libro3_rubrica67,https://statutiascoli.it/statuti.html?id=1_3_68,morte,https://statutiascoli.it/categorie.html?id=morte
statCom_libro3_rubrica68,https://statutiascoli.it/statuti.html?id=1_3_69,clero,https://statutiascoli.it/categorie.html?id=clero
statCom_libro3_rubrica70,https://statutiascoli.it/statuti.html?id=1_3_71,reati,https://statutiascoli.it/categorie.html?id=reati
statCom_libro3_rubrica75,https://statutiascoli.it/statuti.html?id=1_3_76,urbanistica,https://statutiascoli.it/categorie.html?id=urbanistica
statCom_libro3_rubrica75,https://statutiascoli.it/statuti.html?id=1_3_76,reati,https://statutiascoli.it/categorie.html?id=reati
statCom_libro3_rubrica77,https://statutiascoli.it/statuti.html?id=1_3_78,reati,https://statutiascoli.it/categorie.html?id=reati
statCom_libro3_rubrica80,https://statutiascoli.it/statuti.html?id=1_3_81,clero,https://statutiascoli.it/categorie.html?id=clero
statCom_libro3_rubrica80,https://statutiascoli.it/statuti.html?id=1_3_81,reati,https://statutiascoli.it/categorie.html?id=reati
statCom_libro3_rubrica82,https://statutiascoli.it/statuti.html?id=1_3_83,castelli,https://statutiascoli.it/categorie.html?id=castelli
statCom_libro3_rubrica83,https://statutiascoli.it/statuti.html?id=1_3_84,castelli,https://statutiascoli.it/categorie.html?id=castelli
statCom_libro3_rubrica84,https://statutiascoli.it/statuti.html?id=1_3_85,produzione,https://statutiascoli.it/categorie.html?id=produzione
statCom_libro3_rubrica85,https://statutiascoli.it/statuti.html?id=1_3_86,donne,https://statutiascoli.it/categorie.html?id=donne
statCom_libro3_rubrica85,https://statutiascoli.it/statuti.html?id=1_3_86,reati,https://statutiascoli.it/categorie.html?id=reati
statCom_libro3_rubrica86,https://statutiascoli.it/statuti.html?id=1_3_87,sicurezza,https://statutiascoli.it/categorie.html?id=sicurezza
statCom_libro3_rubrica93,https://statutiascoli.it/statuti.html?id=1_3_94,clero,https://statutiascoli.it/categorie.html?id=clero
statCom_libro3_rubrica94,https://statutiascoli.it/statuti.html?id=1_3_95,morte,https://statutiascoli.it/categorie.html?id=morte
statCom_libro3_rubrica94,https://statutiascoli.it/statuti.html?id=1_3_95,sicurezza,https://statutiascoli.it/categorie.html?id=sicurezza
statCom_libro3_rubrica94,https://statutiascoli.it/statuti.html?id=1_3_95,violenza,https://statutiascoli.it/categorie.html?id=violenza
statCom_libro3_rubrica95,https://statutiascoli.it/statuti.html?id=1_3_96,morte,https://statutiascoli.it/categorie.html?id=morte
statCom_libro3_rubrica99,https://statutiascoli.it/statuti.html?id=1_3_100,violenza,https://statutiascoli.it/categorie.html?id=violenza
statCom_libro3_rubrica100,https://statutiascoli.it/statuti.html?id=1_3_101,morte,https://statutiascoli.it/categorie.html?id=morte
statCom_libro3_rubrica101,https://statutiascoli.it/statuti.html?id=1_3_102,violenza,https://statutiascoli.it/categorie.html?id=violenza
statCom_libro3_rubrica113,https://statutiascoli.it/statuti.html?id=1_3_114,urbanistica,https://statutiascoli.it/categorie.html?id=urbanistica
statCom_libro3_rubrica116,https://statutiascoli.it/statuti.html?id=1_3_117,sicurezza,https://statutiascoli.it/categorie.html?id=sicurezza
statCom_libro4_rubrica4,https://statutiascoli.it/statuti.html?id=1_4_5,sicurezza,https://statutiascoli.it/categorie.html?id=sicurezza
statCom_libro4_rubrica6,https://statutiascoli.it/statuti.html?id=1_4_7,animali,https://statutiascoli.it/categorie.html?id=animali
statCom_libro4_rubrica12,https://statutiascoli.it/statuti.html?id=1_4_13,universita,https://statutiascoli.it/categorie.html?id=universita
statCom_libro4_rubrica13,https://statutiascoli.it/statuti.html?id=1_4_14,universita,https://statutiascoli.it/categorie.html?id=universita
statCom_libro4_rubrica15,https://statutiascoli.it/statuti.html?id=1_4_16,urbanistica,https://statutiascoli.it/categorie.html?id=urbanistica
statCom_libro4_rubrica17,https://statutiascoli.it/statuti.html?id=1_4_18,donne,https://statutiascoli.it/categorie.html?id=donne
statCom_libro4_rubrica17,https://statutiascoli.it/statuti.html?id=1_4_18,clero,https://statutiascoli.it/categorie.html?id=clero
statCom_libro4_rubrica25,https://statutiascoli.it/statuti.html?id=1_4_26,statuti,https://statutiascoli.it/categorie.html?id=statuti
statPop_libro1_rubrica1,https://statutiascoli.it/statuti.html?id=2_1_2,costituzione,https://statutiascoli.it/categorie.html?id=costituzione
statPop_libro1_rubrica2,https://statutiascoli.it/statuti.html?id=2_1_3,costituzione,https://statutiascoli.it/categorie.html?id=costituzione
statPop_libro1_rubrica3,https://statutiascoli.it/statuti.html?id=2_1_4,costituzione,https://statutiascoli.it/categorie.html?id=costituzione
statPop_libro1_rubrica4,https://statutiascoli.it/statuti.html?id=2_1_5,costituzione,https://statutiascoli.it/categorie.html?id=costituzione
statPop_libro1_rubrica23,https://statutiascoli.it/statuti.html?id=2_1_24,costituzione,https://statutiascoli.it/categorie.html?id=costituzione
statPop_libro1_rubrica28,https://statutiascoli.it/statuti.html?id=2_1_29,costituzione,https://statutiascoli.it/categorie.html?id=costituzione
statPop_libro1_rubrica29,https://statutiascoli.it/statuti.html?id=2_1_30,costituzione,https://statutiascoli.it/categorie.html?id=costituzione
statPop_libro1_rubrica32,https://statutiascoli.it/statuti.html?id=2_1_33,costituzione,https://statutiascoli.it/categorie.html?id=costituzione
statPop_libro1_rubrica55,https://statutiascoli.it/statuti.html?id=2_1_56,economia,https://statutiascoli.it/categorie.html?id=economia
statPop_libro1_rubrica70,https://statutiascoli.it/statuti.html?id=2_1_71,statuti,https://statutiascoli.it/categorie.html?id=statuti
statPop_libro1_rubrica71,https://statutiascoli.it/statuti.html?id=2_1_72,statuti,https://statutiascoli.it/categorie.html?id=statuti
statPop_libro1_rubrica93,https://statutiascoli.it/statuti.html?id=2_1_94,economia,https://statutiascoli.it/categorie.html?id=economia
statPop_libro2_rubrica1,https://statutiascoli.it/statuti.html?id=2_2_2,feste,https://statutiascoli.it/categorie.html?id=feste
statPop_libro2_rubrica2,https://statutiascoli.it/statuti.html?id=2_2_3,feste,https://statutiascoli.it/categorie.html?id=feste
statPop_libro2_rubrica3,https://statutiascoli.it/statuti.html?id=2_2_4,produzione,https://statutiascoli.it/categorie.html?id=produzione
statPop_libro2_rubrica3,https://statutiascoli.it/statuti.html?id=2_2_4,feste,https://statutiascoli.it/categorie.html?id=feste
statPop_libro2_rubrica4,https://statutiascoli.it/statuti.html?id=2_2_5,clero,https://statutiascoli.it/categorie.html?id=clero
statPop_libro2_rubrica5,https://statutiascoli.it/statuti.html?id=2_2_6,reati,https://statutiascoli.it/categorie.html?id=reati
statPop_libro2_rubrica5,https://statutiascoli.it/statuti.html?id=2_2_6,feste,https://statutiascoli.it/categorie.html?id=feste
statPop_libro2_rubrica6,https://statutiascoli.it/statuti.html?id=2_2_7,feste,https://statutiascoli.it/categorie.html?id=feste
statPop_libro2_rubrica7,https://statutiascoli.it/statuti.html?id=2_2_8,feste,https://statutiascoli.it/categorie.html?id=feste
statPop_libro2_rubrica8,https://statutiascoli.it/statuti.html?id=2_2_9,feste,https://statutiascoli.it/categorie.html?id=feste
statPop_libro2_rubrica9,https://statutiascoli.it/statuti.html?id=2_2_10,feste,https://statutiascoli.it/categorie.html?id=feste
statPop_libro2_rubrica10,https://statutiascoli.it/statuti.html?id=2_2_11,feste,https://statutiascoli.it/categorie.html?id=feste
statPop_libro2_rubrica11,https://statutiascoli.it/statuti.html?id=2_2_12,clero,https://statutiascoli.it/categorie.html?id=clero
statPop_libro2_rubrica12,https://statutiascoli.it/statuti.html?id=2_2_13,feste,https://statutiascoli.it/categorie.html?id=feste
statPop_libro2_rubrica13,https://statutiascoli.it/statuti.html?id=2_2_14,sicurezza,https://statutiascoli.it/categorie.html?id=sicurezza
statPop_libro2_rubrica14,https://statutiascoli.it/statuti.html?id=2_2_15,sicurezza,https://statutiascoli.it/categorie.html?id=sicurezza
statPop_libro2_rubrica22,https://statutiascoli.it/statuti.html?id=2_2_23,castelli,https://statutiascoli.it/categorie.html?id=castelli
statPop_libro2_rubrica22,https://statutiascoli.it/statuti.html?id=2_2_23,sicurezza,https://statutiascoli.it/categorie.html?id=sicurezza
statPop_libro2_rubrica23,https://statutiascoli.it/statuti.html?id=2_2_24,urbanistica,https://statutiascoli.it/categorie.html?id=urbanistica
statPop_libro2_rubrica23,https://statutiascoli.it/statuti.html?id=2_2_24,sicurezza,https://statutiascoli.it/categorie.html?id=sicurezza
statPop_libro2_rubrica24,https://statutiascoli.it/statuti.html?id=2_2_25,clero,https://statutiascoli.it/categorie.html?id=clero
statPop_libro3_rubrica8,https://statutiascoli.it/statuti.html?id=2_3_9,reati,https://statutiascoli.it/categorie.html?id=reati
statPop_libro3_rubrica8,https://statutiascoli.it/statuti.html?id=2_3_9,decoroUrbano,https://statutiascoli.it/categorie.html?id=decoroUrbano
statPop_libro3_rubrica9,https://statutiascoli.it/statuti.html?id=2_3_10,decoroUrbano,https://statutiascoli.it/categorie.html?id=decoroUrbano
statPop_libro3_rubrica10,https://statutiascoli.it/statuti.html?id=2_3_11,animali,https://statutiascoli.it/categorie.html?id=animali
statPop_libro3_rubrica10,https://statutiascoli.it/statuti.html?id=2_3_11,decoroUrbano,https://statutiascoli.it/categorie.html?id=decoroUrbano
statPop_libro3_rubrica11,https://statutiascoli.it/statuti.html?id=2_3_12,animali,https://statutiascoli.it/categorie.html?id=animali
statPop_libro3_rubrica11,https://statutiascoli.it/statuti.html?id=2_3_12,decoroUrbano,https://statutiascoli.it/categorie.html?id=decoroUrbano
statPop_libro3_rubrica12,https://statutiascoli.it/statuti.html?id=2_3_13,decoroUrbano,https://statutiascoli.it/categorie.html?id=decoroUrbano
statPop_libro3_rubrica13,https://statutiascoli.it/statuti.html?id=2_3_14,decoroUrbano,https://statutiascoli.it/categorie.html?id=decoroUrbano
statPop_libro3_rubrica14,https://statutiascoli.it/statuti.html?id=2_3_15,produzione,https://statutiascoli.it/categorie.html?id=produzione
statPop_libro3_rubrica17,https://statutiascoli.it/statuti.html?id=2_3_18,animali,https://statutiascoli.it/categorie.html?id=animali
statPop_libro3_rubrica19,https://statutiascoli.it/statuti.html?id=2_3_20,animali,https://statutiascoli.it/categorie.html?id=animali
statPop_libro3_rubrica19,https://statutiascoli.it/statuti.html?id=2_3_20,decoroUrbano,https://statutiascoli.it/categorie.html?id=decoroUrbano
statPop_libro3_rubrica20,https://statutiascoli.it/statuti.html?id=2_3_21,decoroUrbano,https://statutiascoli.it/categorie.html?id=decoroUrbano
statPop_libro3_rubrica21,https://statutiascoli.it/statuti.html?id=2_3_22,produzione,https://statutiascoli.it/categorie.html?id=produzione
statPop_libro3_rubrica22,https://statutiascoli.it/statuti.html?id=2_3_23,animali,https://statutiascoli.it/categorie.html?id=animali
statPop_libro3_rubrica22,https://statutiascoli.it/statuti.html?id=2_3_23,produzione,https://statutiascoli.it/categorie.html?id=produzione
statPop_libro3_rubrica23,https://statutiascoli.it/statuti.html?id=2_3_24,urbanistica,https://statutiascoli.it/categorie.html?id=urbanistica
statPop_libro3_rubrica24,https://statutiascoli.it/statuti.html?id=2_3_25,urbanistica,https://statutiascoli.it/categorie.html?id=urbanistica
statPop_libro3_rubrica28,https://statutiascoli.it/statuti.html?id=2_3_29,commercio,https://statutiascoli.it/categorie.html?id=commercio
statPop_libro3_rubrica29,https://statutiascoli.it/statuti.html?id=2_3_30,commercio,https://statutiascoli.it/categorie.html?id=commercio
statPop_libro3_rubrica33,https://statutiascoli.it/statuti.html?id=2_3_34,animali,https://statutiascoli.it/categorie.html?id=animali
statPop_libro3_rubrica34,https://statutiascoli.it/statuti.html?id=2_3_35,commercio,https://statutiascoli.it/categorie.html?id=commercio
statPop_libro3_rubrica36,https://statutiascoli.it/statuti.html?id=2_3_37,commercio,https://statutiascoli.it/categorie.html?id=commercio
statPop_libro3_rubrica37,https://statutiascoli.it/statuti.html?id=2_3_38,commercio,https://statutiascoli.it/categorie.html?id=commercio
statPop_libro3_rubrica38,https://statutiascoli.it/statuti.html?id=2_3_39,commercio,https://statutiascoli.it/categorie.html?id=commercio
statPop_libro3_rubrica39,https://statutiascoli.it/statuti.html?id=2_3_40,commercio,https://statutiascoli.it/categorie.html?id=commercio
statPop_libro3_rubrica40,https://statutiascoli.it/statuti.html?id=2_3_41,commercio,https://statutiascoli.it/categorie.html?id=commercio
statPop_libro3_rubrica41,https://statutiascoli.it/statuti.html?id=2_3_42,commercio,https://statutiascoli.it/categorie.html?id=commercio
statPop_libro3_rubrica42,https://statutiascoli.it/statuti.html?id=2_3_43,produzione,https://statutiascoli.it/categorie.html?id=produzione
statPop_libro3_rubrica43,https://statutiascoli.it/statuti.html?id=2_3_44,commercio,https://statutiascoli.it/categorie.html?id=commercio
statPop_libro3_rubrica44,https://statutiascoli.it/statuti.html?id=2_3_45,commercio,https://statutiascoli.it/categorie.html?id=commercio
statPop_libro3_rubrica45,https://statutiascoli.it/statuti.html?id=2_3_46,commercio,https://statutiascoli.it/categorie.html?id=commercio
statPop_libro3_rubrica47,https://statutiascoli.it/statuti.html?id=2_3_48,commercio,https://statutiascoli.it/categorie.html?id=commercio
statPop_libro3_rubrica48,https://statutiascoli.it/statuti.html?id=2_3_49,produzione,https://statutiascoli.it/categorie.html?id=produzione
statPop_libro3_rubrica49,https://statutiascoli.it/statuti.html?id=2_3_50,produzione,https://statutiascoli.it/categorie.html?id=produzione
statPop_libro3_rubrica50,https://statutiascoli.it/statuti.html?id=2_3_51,produzione,https://statutiascoli.it/categorie.html?id=produzione
statPop_libro3_rubrica51,https://statutiascoli.it/statuti.html?id=2_3_52,produzione,https://statutiascoli.it/categorie.html?id=produzione
statPop_libro3_rubrica52,https://statutiascoli.it/statuti.html?id=2_3_53,urbanistica,https://statutiascoli.it/categorie.html?id=urbanistica
statPop_libro3_rubrica53,https://statutiascoli.it/statuti.html?id=2_3_54,urbanistica,https://statutiascoli.it/categorie.html?id=urbanistica
statPop_libro3_rubrica54,https://statutiascoli.it/statuti.html?id=2_3_55,vicinato,https://statutiascoli.it/categorie.html?id=vicinato
statPop_libro3_rubrica55,https://statutiascoli.it/statuti.html?id=2_3_56,vicinato,https://statutiascoli.it/categorie.html?id=vicinato
statPop_libro3_rubrica56,https://statutiascoli.it/statuti.html?id=2_3_57,vicinato,https://statutiascoli.it/categorie.html?id=vicinato
statPop_libro3_rubrica57,https://statutiascoli.it/statuti.html?id=2_3_58,vicinato,https://statutiascoli.it/categorie.html?id=vicinato
statPop_libro3_rubrica58,https://statutiascoli.it/statuti.html?id=2_3_59,decoroUrbano,https://statutiascoli.it/categorie.html?id=decoroUrbano
statPop_libro3_rubrica59,https://statutiascoli.it/statuti.html?id=2_3_60,vicinato,https://statutiascoli.it/categorie.html?id=vicinato
statPop_libro3_rubrica60,https://statutiascoli.it/statuti.html?id=2_3_61,vicinato,https://statutiascoli.it/categorie.html?id=vicinato
statPop_libro3_rubrica61,https://statutiascoli.it/statuti.html?id=2_3_62,vicinato,https://statutiascoli.it/categorie.html?id=vicinato
statPop_libro3_rubrica62,https://statutiascoli.it/statuti.html?id=2_3_63,vicinato,https://statutiascoli.it/categorie.html?id=vicinato
statPop_libro3_rubrica63,https://statutiascoli.it/statuti.html?id=2_3_64,vicinato,https://statutiascoli.it/categorie.html?id=vicinato
statPop_libro3_rubrica64,https://statutiascoli.it/statuti.html?id=2_3_65,decoroUrbano,https://statutiascoli.it/categorie.html?id=decoroUrbano
statPop_libro3_rubrica65,https://statutiascoli.it/statuti.html?id=2_3_66,urbanistica,https://statutiascoli.it/categorie.html?id=urbanistica
statPop_libro3_rubrica66,https://statutiascoli.it/statuti.html?id=2_3_67,vicinato,https://statutiascoli.it/categorie.html?id=vicinato
statPop_libro3_rubrica67,https://statutiascoli.it/statuti.html?id=2_3_68,vicinato,https://statutiascoli.it/categorie.html?id=vicinato
statPop_libro3_rubrica68,https://statutiascoli.it/statuti.html?id=2_3_69,decoroUrbano,https://statutiascoli.it/categorie.html?id=decoroUrbano
statPop_libro3_rubrica69,https://statutiascoli.it/statuti.html?id=2_3_70,decoroUrbano,https://statutiascoli.it/categorie.html?id=decoroUrbano
statPop_libro3_rubrica70,https://statutiascoli.it/statuti.html?id=2_3_71,decoroUrbano,https://statutiascoli.it/categorie.html?id=decoroUrbano
statPop_libro3_rubrica71,https://statutiascoli.it/statuti.html?id=2_3_72,urbanistica,https://statutiascoli.it/categorie.html?id=urbanistica
statPop_libro3_rubrica72,https://statutiascoli.it/statuti.html?id=2_3_73,urbanistica,https://statutiascoli.it/categorie.html?id=urbanistica
statPop_libro3_rubrica72,https://statutiascoli.it/statuti.html?id=2_3_73,fonti,https://statutiascoli.it/categorie.html?id=fonti
statPop_libro3_rubrica73,https://statutiascoli.it/statuti.html?id=2_3_74,fonti,https://statutiascoli.it/categorie.html?id=fonti
statPop_libro3_rubrica74,https://statutiascoli.it/statuti.html?id=2_3_75,fonti,https://statutiascoli.it/categorie.html?id=fonti
statPop_libro3_rubrica75,https://statutiascoli.it/statuti.html?id=2_3_76,fonti,https://statutiascoli.it/categorie.html?id=fonti
statPop_libro3_rubrica76,https://statutiascoli.it/statuti.html?id=2_3_77,fonti,https://statutiascoli.it/categorie.html?id=fonti
statPop_libro3_rubrica77,https://statutiascoli.it/statuti.html?id=2_3_78,fonti,https://statutiascoli.it/categorie.html?id=fonti
statPop_libro3_rubrica78,https://statutiascoli.it/statuti.html?id=2_3_79,fonti,https://statutiascoli.it/categorie.html?id=fonti
statPop_libro3_rubrica79,https://statutiascoli.it/statuti.html?id=2_3_80,reati,https://statutiascoli.it/categorie.html?id=reati
statPop_libro3_rubrica80,https://statutiascoli.it/statuti.html?id=2_3_81,reati,https://statutiascoli.it/categorie.html?id=reati
statPop_libro3_rubrica81,https://statutiascoli.it/statuti.html?id=2_3_82,reati,https://statutiascoli.it/categorie.html?id=reati
statPop_libro3_rubrica82,https://statutiascoli.it/statuti.html?id=2_3_83,reati,https://statutiascoli.it/categorie.html?id=reati
statPop_libro3_rubrica84,https://statutiascoli.it/statuti.html?id=2_3_85,animali,https://statutiascoli.it/categorie.html?id=animali
statPop_libro3_rubrica87,https://statutiascoli.it/statuti.html?id=2_3_88,animali,https://statutiascoli.it/categorie.html?id=animali
statPop_libro3_rubrica90,https://statutiascoli.it/statuti.html?id=2_3_91,commercio,https://statutiascoli.it/categorie.html?id=commercio
statPop_libro3_rubrica91,https://statutiascoli.it/statuti.html?id=2_3_92,commercio,https://statutiascoli.it/categorie.html?id=commercio
statPop_libro3_rubrica92,https://statutiascoli.it/statuti.html?id=2_3_93,animali,https://statutiascoli.it/categorie.html?id=animali
statPop_libro3_rubrica93,https://statutiascoli.it/statuti.html?id=2_3_94,animali,https://statutiascoli.it/categorie.html?id=animali
statPop_libro3_rubrica94,https://statutiascoli.it/statuti.html?id=2_3_95,animali,https://statutiascoli.it/categorie.html?id=animali
statPop_libro3_rubrica97,https://statutiascoli.it/statuti.html?id=2_3_98,reati,https://statutiascoli.it/categorie.html?id=reati
statPop_libro4_rubrica4,https://statutiascoli.it/statuti.html?id=2_4_4,commercio,https://statutiascoli.it/categorie.html?id=commercio
statPop_libro4_rubrica5,https://statutiascoli.it/statuti.html?id=2_4_5,commercio,https://statutiascoli.it/categorie.html?id=commercio
statPop_libro4_rubrica6,https://statutiascoli.it/statuti.html?id=2_4_6,castelli,https://statutiascoli.it/categorie.html?id=castelli
statPop_libro4_rubrica7,https://statutiascoli.it/statuti.html?id=2_4_7,morte,https://statutiascoli.it/categorie.html?id=morte
statPop_libro4_rubrica9,https://statutiascoli.it/statuti.html?id=2_4_9,castelli,https://statutiascoli.it/categorie.html?id=castelli
statPop_libro4_rubrica9,https://statutiascoli.it/statuti.html?id=2_4_9,urbanistica,https://statutiascoli.it/categorie.html?id=urbanistica
statPop_libro4_rubrica11,https://statutiascoli.it/statuti.html?id=2_4_11,produzione,https://statutiascoli.it/categorie.html?id=produzione
statPop_libro4_rubrica12,https://statutiascoli.it/statuti.html?id=2_4_12,produzione,https://statutiascoli.it/categorie.html?id=produzione
statPop_libro4_rubrica14,https://statutiascoli.it/statuti.html?id=2_4_14,produzione,https://statutiascoli.it/categorie.html?id=produzione
statPop_libro4_rubrica14,https://statutiascoli.it/statuti.html?id=2_4_14,urbanistica,https://statutiascoli.it/categorie.html?id=urbanistica
statPop_libro4_rubrica15,https://statutiascoli.it/statuti.html?id=2_4_15,urbanistica,https://statutiascoli.it/categorie.html?id=urbanistica
statPop_libro4_rubrica17,https://statutiascoli.it/statuti.html?id=2_4_17,urbanistica,https://statutiascoli.it/categorie.html?id=urbanistica
statPop_libro4_rubrica18,https://statutiascoli.it/statuti.html?id=2_4_18,commercio,https://statutiascoli.it/categorie.html?id=commercio
statPop_libro4_rubrica18,https://statutiascoli.it/statuti.html?id=2_4_18,decoroUrbano,https://statutiascoli.it/categorie.html?id=decoroUrbano
statPop_libro4_rubrica22,https://statutiascoli.it/statuti.html?id=2_4_22,economia,https://statutiascoli.it/categorie.html?id=economia
statPop_libro5_rubrica4,https://statutiascoli.it/statuti.html?id=2_5_4,produzione,https://statutiascoli.it/categorie.html?id=produzione
statPop_libro5_rubrica6,https://statutiascoli.it/statuti.html?id=2_5_6,produzione,https://statutiascoli.it/categorie.html?id=produzione
statPop_libro5_rubrica7,https://statutiascoli.it/statuti.html?id=2_5_7,produzione,https://statutiascoli.it/categorie.html?id=produzione
statPop_libro5_rubrica8,https://statutiascoli.it/statuti.html?id=2_5_8,produzione,https://statutiascoli.it/categorie.html?id=produzione
statPop_libro5_rubrica19,https://statutiascoli.it/statuti.html?id=2_5_19,statuti,https://statutiascoli.it/categorie.html?id=statuti
statPop_libro5_rubrica20,https://statutiascoli.it/statuti.html?id=2_5_20,statuti,https://statutiascoli.it/categorie.html?id=statuti
statPop_libro5_rubrica21,https://statutiascoli.it/statuti.html?id=2_5_21,statuti,https://statutiascoli.it/categorie.html?id=statuti
statPop_libro5_rubrica22,https://statutiascoli.it/statuti.html?id=2_5_22,statuti,https://statutiascoli.it/categorie.html?id=statuti
statPop_libro5_rubrica23,https://statutiascoli.it/statuti.html?id=2_5_23,statuti,https://statutiascoli.it/categorie.html?id=statuti
statPop_libro5_rubrica24,https://statutiascoli.it/statuti.html?id=2_5_24,statuti,https://statutiascoli.it/categorie.html?id=statuti
